name,price,status,shipping,free_returns,items_sold
Hex 5/32 1 inch Insert Bit (15 Pack),1347,Brand New,0,False,False
"XtremepowerUS 8PC HSS Cobalt Silver & Deming Drill Bits Set- Large Size 9/16""",3995,Brand New,0,True,False
Stalwart 89pc 18V Cordless Power Drill Set with Rechargeable Battery and Charger,5390,Brand New,0,True,False
"DEWALT DCD706F2 XTREME 12V MAX Brushless Li-Ion 3/8"" Hammer Drill Kit (2Ah) New",False,Brand New,0,True,False
Cordless Brushless Impact Driver Hammer Drill Combo Kit with 2 Battery & Charger,3218,Brand New,0,True,439
Cordless Brushless Impact Driver Hammer Drill Combo Kit with 2 Battery & Charger,3059,Brand New,0,True,369
RYOBI ONE+ HP 18V Brushless Cordless Compact 1/2in. Drill/Driver Kit with (2),7500,Open Box,0,True,False
20-Volt Drill 2 Speed Electric Cordless Drill / Driver with Bits Set & Battery,24993559,Brand New,0,True,76
"DEWALT DCD771C2 20V MAX Li-Ion 1/2"" Drill Driver Kit Certified Refurbished",10999,False,0,False,96
Cordless Brushless Impact Driver Hammer Drill Combo Kit with 2 Battery & Charger,3218,False,0,False,439
Cordless Brushless Impact Driver Hammer Drill Combo Kit with 2 Battery & Charger,3059,False,0,False,369
"New Dewalt DCD999B 20V Max XR 1/2"" Flexvolt Advantage Brushless Hammer Drill ",12499,False,0,False,1863
21V Electric Drill Power Tool Cordless Screwdriver 34PCS Drill Set with Battery,4079,False,0,False,279
Electric Drill Power Tool Cordless Screwdriver Power Tools Drill Set W/ Battery,2499,False,0,False,False
"ACDelco 20V Cordless Drill Set, 2 Variable Speed, 400/1300RPM, Driver Bits",3999,False,0,False,False
DeWalt DCD771C2 20V MAX Lithium-Ion Compact Drill/Driver Kit with 2 Batteries,False,False,0,False,False
"Milwaukee 2904-20 M18 FUEL 1/2"" Hammer Drill/Driver (Tool only)",12499,Brand New,0,True,8934
20-Volt Drill 2 Speed Electric Cordless Drill / Driver with Bits Set & Battery,24993559,Brand New,0,False,85
"DEWALT DCD805B 20V MAX XR Lithium-ion 1/2"" Brushless Compact Hammer Drill Driver",8995,Brand New,0,True,283
21Volt Drill 2 Speed Electric Cordless Drill / Driver with Bits Set & Battery,28993399,Brand New,0,False,False
"13PCS HSS-G M2 Twist Drill Bit Set Metal Titanium 1/16""-1/4"" Hex Shank Bits Kit",1469,Brand New,0,True,862
11pcs/box Diamond Hole Saw Kit Core Drilling Bit Set for Porcelain  Marble Tile,7120,Brand New,0,True,False
Stalwart 78pc 18V Cordless Power Drill Set with Rechargeable Battery and Charger,4498,Brand New,0,True,False
"Drilax 1mm Diamond Drill Bits for Glass, Stone, Sea Glass, Shells & Gemstones",2194,Brand New,0,False,237
21V Cordless Drill Driver Combi Fast Charger HomeDIY Gardening Electric Tools US,3299,Brand New,0,False,91
Cordless Brushless Impact Driver Hammer Drill Combo Kit with 2 Battery & Charger,2990,Brand New,0,True,83
BLACK+DECKER LDX120C 20V Max Lithium-Ion Cordless 3/8 inch Drill NO BATTERY,2399,Brand New,0,False,187
"DEWALT DCD777B 20V MAX Li-ion 1/2"" Keyless Cordless Brushless Drill Driver",6695,Brand New,0,True,40
Makita LXT 18V LXT Li-Ion 1/2 in. Drill Driver XFD10Z-R Certified Refurbished,6964,Certified - Refurbished,0,False,False
Bosch GSR18V-190B22-RT 18V 1/2 in. Drill Kit Certified Refurbished,8586,Certified - Refurbished,0,False,False
"Bosch PS31-2A-RT 3/8"" 12V Max Li-Ion Cordless Drill Driver Certified Refurbished",8686,Certified - Refurbished,0,False,False
"DEWALT DCD771C2 20V MAX Li-Ion 1/2"" Drill Driver Kit Certified Refurbished",10999,Certified - Refurbished,0,False,False
DeWalt Impact Drill Train Air Horn 20v + Remote Control: BossHorn USA,26500,Brand New,0,False,False
Milwaukee Impact Drill M18 Train Horn + Wireless Remote Control,26500,Brand New,0,False,False
WORKPRO 8V Pink Cordless Drill Driver 43PCS Tool Set Lithium-ion Power Drill Bit,6399,Brand New,0,False,False
For Ryobi 18V Drill Train 4 Horn Quad Black Air Trumpets with Battery +Charger,16888,Brand New,0,False,False
Cordless Brushless 3/8 in. Drill Driver for Dewalt 20V Max Battery TOOL ONLY,2699,Brand New,0,False,False
For DeWalt DCB206 20V Max XR Brushless 2-Speed Cordless 1/2 in Hammer Drill 20 V,3629,Brand New,0,False,False
"Ryobi PCL206K2 ONE+ 18V 1/2"" Drill/Driver Kit",6193,Open Box,0,False,False
"Milwaukee 2904-22 M18 FUEL™ 1/2"" Hammer Drill/Driver Kit",23000,Brand New,0,False,False
"DEWALT DCD771C2 20V MAX Li-Ion 1/2"" Drill Driver Kit Certified Refurbished",10999,Certified - Refurbished,0,True,96
"HART 1/2"" Drill Driver 20 volt 20V 2 Speed Cordless HPDD01 (*TOOL ONLY*)",1701,Open Box,0,False,57
DeWalt DCD998 20V Max XR Brushless 1/2 Hammer Drill 20 Volt,11697,Open Box,0,True,1149
2025 Cordless Combi Hammer Impact Drill Driver Electric Screwdriver w/ 2 Battery,2589,Brand New,0,True,False
"DEWALT 20V MAX* XR® Brushless Cordless 1/2 in. Drill/Driver Kit (DCD800P1),",14586,Brand New,0,True,30
"New Dewalt DCD771B 20 Volt 20V Max 1/2"" 2 Speed Drill Driver Li-ion Cordless",5619,Brand New,0,True,163
21V Cordless Hammer Drill Set Electric Impact Driver Screwdriver with 2 Battery,3198,Brand New,0,False,False
15 in 1 Power Tool Rechargeable Cordless Electric Screwdriver Drill Kit Wireless,1089,Brand New,0,False,68
Drilax Diamond Drill Bit Hole Saw Set Drilling 3/8 1/2 5/8 3/4 1 Granite Ceramic,1499,Brand New,0,False,False
Agrotk 12in Drill Bit Auger Mini Excavator Attachment 12EX-300Adrill,32500,Brand New,0,False,False
Cobalt 1/8 drill bit (10 Pack),1597,Brand New,0,False,False
Diamond Drilling Bit Kit Hole Saw Set for Tile Granite Triangle Shank 11pcs/set,5873,Brand New,0,True,False
"NEW - DeWalt DCD1007B 20V 1/2"" HEAVY DUTY Compact Hammer Drill  & 13"" FREE BAG",17400,Open Box,0,True,False
For DeWalt DCB206 20V Max XR Brushless 2-Speed Cordless 1/2 in Hammer Drill 20 V,3629,Brand New,0,True,85
48V Cordless Drill W/ Battery Heavy Duty Impact Driver Kit Brushless Power Tool,2889,Brand New,0,True,False
"NEW Milwaukee FUEL 2904-20 18V 1/2"" Cordless Brushless Hammer Drill M18",12397,Brand New,0,True,265
"New DEWALT DCD805B 20V 20 Volt MAX XR Brushless 1/2"" Hammer Drill Driver",8499,Brand New,0,False,487
Dewalt 20 V Max Li-Ion Compact Drill/driver Kit,9900,Brand New,649,True,160
Triangle Shank Diamond Drilling Bit Kit 11pcs Hole Saw Set for Tile Granite,5873,Brand New,0,True,False
21V Cordless Electric Drill Set 2 Batteries 3/8-Inch Chuck Driver Bits and Tool,4299,Brand New,0,False,False
DEWALT DCD999 20V Cordless Hammer Drill FLEXVOLT 60/20V  (TOOL ONLY),10399,Brand New,0,False,464
RYOBI  HP 18V Brushless Cordless 1/2 in. Drill/Driver and Impact Driver Kit w/,12500,Open Box,0,True,18
DeWalt DCD996 20V Max XR Brushless 3-Speed Cordless 1/2 Hammer Drill 20 Volt,12297,Open Box,0,True,3724
"New Dewalt DCD999B 20V Max XR 1/2"" Flexvolt Advantage Brushless Hammer Drill ",12499,Brand New,0,True,1863
Hart HPDD02 20-Volt Cordless 1/2-inch Drill/Driver - Tool Only - Free Shipping!,1497,Brand New,0,False,False
RYOBI ONE+ 18V Cordless 3/8 in. Drill/Driver Kit with 1.5 Ah Battery and Charger,3899,Pre-Owned,0,True,478
"DEWALT DCD460T2 60V  1/2""  Joist Drill with E-Clutch System Kit With 2 Batts",45999,Open Box,2000,True,False
DeWalt DCD777B 20V MAX Brushless Cordless 1/2 in. Drill/Driver (Tool Only),6349,Brand New,0,False,156
"Milwaukee 3601-20 M18 Brushless 1/2"" Drill/ Driver**Tool Only***",6899,Open Box,0,False,145
"RYOBI PSBDD02 ONE+ 18V Brushless Compact 1/2"" in. Drill / Driver - New",4499,Open Box,0,True,False
21V Electric Drill Power Tool Cordless Screwdriver 34PCS Drill Set with Battery,4079,Brand New,0,False,279
NEW DEWALT DCD999 20v MAX 1/2” 3 Speed Hammer Drill Flexvolt Adv Dcd999b 20 Volt,10150,Open Box,0,False,44
DeWALT DCD999T1 20V MAX Cordless 1/2 in. Hammer Drill/Driver Kit - NEW!,21999,Brand New,0,True,56
RYOBI ONE+ 18V 3/8 in Drill/Driver Kit 1.5 Ah Battery & Charger PCL201K1 (OB),4180,Open Box,0,True,False
Cordless Brushless Impact Driver Hammer Drill Combo Kit with 2 Battery & Charger,3198,Brand New,0,False,69
DEWALT 20V Max Cordless Drill/Driver Kit 2 Batteries Charger Included DCD771C2,9899,Brand New,0,False,False
21 Volt Drill 2 Speed Electric Cordless Drill / Driver with Bits Set DIY Gift US,3059,Brand New,0,False,False
New Listing,3900,Pre-Owned,800,False,False
New Listing,11900,Open Box,0,False,False
48V Cordless Drill Electric Screwdriver Impact Driver Combi Drills Kit+Battery,2989,Brand New,0,True,False
"New Makita 18V XPH14 Cordless Brushless 1/2"" Hammer Drill 18 Volt Lit-Ion XPH14Z",8897,Brand New,0,True,2437
Drill Cordless,2400,Brand New,600,False,False
"New Dewalt DCD794B 20V Max 1/2"" Atomic Compact 2 Speed Brushless Drill Driver",7649,Brand New,0,True,151
"Milwaukee 2904-22 M18 FUEL™ 1/2"" Hammer Drill/Driver Kit",23000,Brand New,0,False,13
New Listing,19999,Brand New,2489,False,False
36V Cordless Hammer Drill Set Electric Impact Driver Screwdriver + 2 Battery US,3586,Brand New,0,True,False
Dewalt DCF860 Cordless Compact Drill / Driver 20V Brushless Electric Drill Screw,9999,Brand New,0,False,False
"Drill Bit Sharpener, Power Drill Bit Grinding Attachment, Old Drill Bit Grinder",4993777,Brand New,0,False,False
"DeWALT DCD771B 20V MAX Cordless Li-Ion 1/2"" inch Cordless Compact Drill Driver",5575,Open Box,0,True,386
"New Dewalt DCD1007B 20V 20 Volt Max XR 1/2""  Brushless Hammer Drill with Handle",17279,Brand New,0,True,False
21V Electric Drill 3/8in Power Cordless Screwdriver 30PCS Drill Set w/2Battery,2936,Brand New,0,True,False
"New Dewalt DCD996B 20V 20 Volt Max XR 1/2""  Brushless Hammer Drill with Handle",11199,Brand New,0,False,213
Ryobi One+ 18V 3/8 in Drill Driver W/ Lithium 1.5 Ah Battery & Charger PCL201K1,4495,Open Box,0,True,61
Drill Hog® 29 Pc Drill Bit Set Bit Tank™ HI-Molybdenum M7 Lifetime Warranty,5999,Brand New,0,True,748
"Drilax 3 inch Diamond Hole Saw Drill Bit Marble, Concrete, Stone, Tile, Brick",2999,Brand New,0,False,57
Drilax 4 inch Diamond Hole Saw Drill Core Bit Heavy Duty Brick Masonry Concrete,4499,Brand New,0,False,158
Drilax 4 inch Diamond Hole Saw Drill Core Bit Heavy Duty Brick Masonry Concrete,4499,Brand New,0,False,158
"Torx Insert Bit T-20 2"" (10 Pack)",1347,Brand New,0,False,False
"Bosch 2608619266 Pack of 10 Straight Cutting Disc,for INOX, X-Lock, 115 mm",2299,Brand New,0,False,7
Makita LXT 18V LXT Li-Ion 1/2 in. Drill Driver XFD10Z-R Certified Refurbished,6964,Certified - Refurbished,0,True,250
Ryobi One+ 18V 3/8 in Drill Driver W/ Lithium 1.5 Ah Battery & Charger PCL201K1,4495,Open Box,0,True,61
Drill Hog® 29 Pc Drill Bit Set Bit Tank™ HI-Molybdenum M7 Lifetime Warranty,5999,Brand New,0,True,748
"Milwaukee 2607-21CT M18 1/2"" Hammer Drill/Driver Kit w/ 1.5 Ah Battery | New",11984,Open Box,0,False,False
DeWalt DCD771C2 20V MAX Lithium-Ion Compact Drill/Driver Kit with 2 Batteries,False,Brand New,0,True,False
"20V cordless brushless 1/2"" hammer  2 speed settings for Dewalt 20V battery",5399,Brand New,0,True,45
"Ryobi PSBDD01 One+ HP 18V Brushless Cordless Compact 1/2"" Drill / Driver",4499,Open Box,0,True,False
"New DeWalt 20 Volt 20v Max XR Brushless Cordless 1/2"" Hammer Drill/Driver DCD996",11499,Open Box,0,True,491
 Cordless 2-Speed Drill Driver with 1.5Ah Battery and Charger,2100,Brand New,0,False,False
"6"" -10"" Inch Hole Saw w Arbor for Metal Wood & Plastic Cutting Bi-Metal Hole Cut",16995699,Brand New,0,False,False
2-1/2  inch Chrome Series Diamond Hole Saw Drill Bit,1999,Brand New,0,False,False
Drilax 2 Inch Diamond Hole Saw with Removable Center Pilot Drill Locator Pin,3294,Brand New,0,False,False
"Phillips PH3 1"" Power Bits (15 Pack)",1297,Brand New,0,False,False
Blue Ridge Tools Cordless 20V Drill Light Kit Ergonomic Design DIY Projects,3889,Open Box,0,True,False
New Listing,16495,Brand New,0,False,False
New Milwaukee 2407-20 M12 12V 12 Volt 3/8” 2 Speed Drill Driver (Bare Tool),4059,Brand New,0,True,227
"FLEX 24V FX1151 Brushless 1/2"" Drill Driver 2 Speed- New From Larger Kit",3995,Open Box,0,False,False
Milwaukee 2505-20 M12 Installation Drill/Driver***Tool Only***NO CARRYING BAG***,9999,Open Box,0,False,55
"DeWalt DCD794D1 Compact Brushless 1/2"" Drill/Driver Kit New",9789,Brand New,0,False,False
New DEWALT DCD771C2 20V MAX Li-Ion 1/2 in. Cordless Drill / Driver Kit (1.3 Ah),12500,Brand New,0,True,94
New Listing,2299,Pre-Owned,0,False,False
"NEW DEWALT DCD777 20V Volt Max Li-Ion Brushless 1/2"" Drill/Driver w/ Belt Clip",5995,Open Box,0,True,False
Ryobi PBLHM101B One 18V Brushless Hammer Drill,8000,Brand New,1107,False,False
"Ryobi PCL206K2 ONE+ 18V 1/2"" Drill/Driver Kit",6193,Open Box,0,True,False
Milwaukee 2415-20 M12 12-Volt 3/8-Inch Cordless Right Angle Drill/Driver,8299,Brand New,0,True,False
DEWALT DCD740B 20V MAX Li-Ion 3/8 in. Right Angle Drill Driver New,False,Brand New,0,True,306
Bosch GSR18V-190B22-RT 18V 1/2 in. Drill Kit Certified Refurbished,8586,Certified - Refurbished,0,True,False
"Flap Wheel Set Die Grinder Sanding Paint Rust 1/8"" Shank For Dremel Rotary Tool",12992569,Brand New,0,True,False
"Torx Insert Bit T-15 1"" (250 Pack)",8199,Brand New,0,False,False
"ACDelco 20V Cordless Drill Set, 2 Variable Speed, 400/1300RPM, Driver Bits",3999,Brand New,0,False,False
"NEW Milwaukee FUEL 3404-20 12V 1/2"" Cordless Brushless Hammer Drill M12 Driver",6997,Brand New,0,True,55
"8 Pc Silver & Deming Drill Bit Set 9/16"" ~ 1"" Jumbo Drill Hog® Lifetime Warranty",5999,Brand New,0,True,443
"29PCS/Set HSS Drill Bits Black Gold Multi-Bits Twist Metal Drill Bit 1/16""-1/2""",3999,Brand New,0,True,146
"NEW BOSCH PS31 12 Volt 2 Speed Cordless Li-Ion 3/8"" Drill Driver (bare tool)",4495,Brand New,0,True,122
"Milwaukee 0240-20 3/8"" Electric Drill",4499,Open Box,0,False,39
"Bosch PS31-2A-RT 3/8"" 12V Max Li-Ion Cordless Drill Driver Certified Refurbished",8686,Certified - Refurbished,0,True,857
5/8 Diamond Hole Saw Kit Core Drill Bit Set for Tile Porcelain Ceramic Marble,6917,Brand New,0,False,False
DEWALT DCD778B 20V MAX Cordless Brushless 1/2-in Compact Hammer Drill TOOL ONLY,7299,Open Box,0,False,497
"New DeWalt 20v Max Cordless 3/8"" Right Angle Drill/Driver DCD740B 90 Degree",11399,Brand New,0,True,120
BLACK+DECKER 12v Max* Cordless Lithium Drill/Driver - BDCDD12C,2999,Brand New,0,False,False
"Milwaukee 2904-20 M18 FUEL 1/2"" Hammer Drill w/ Side Handle (Tool only) (New)",12395,Open Box,0,False,False
"DEWALT DCD800 20V MAX XR Cordless Drill/Driver, 1/2-in, Bare Tool Only",9806,Open Box,0,True,13
New DeWALT DCD1007 20V XR Plug 3-Speed 1/2” Hammer Drill/Driver - Bare Tool,17800,Open Box,0,False,25
"New Makita 18V XFD10 Cordless 1/2"" Battery Drill Driver 18 Volt LXT XFD10Z",6997,Brand New,0,True,610
"Milwaukee 3602-20 M18 Brushless 1/2"" Hammer Drill/ Driver**Tool Only***",7799,Open Box,0,False,False
"New Milwaukee M18 3602-20 18V 1/2"" Compact Brushless Hammer Drill Driver 2 Speed",8739,Brand New,0,True,False
"Milwaukee 2407-20 NEW M12 12V Li-Ion Cordless 3/8"" Drill/Driver - Bare Tool",3799,Open Box,299,False,436
"Bauer 20V (Drill/Driver, Hammer Drill/Driver & Hex Compact) - Tools Only -",7999,Brand New,0,False,False
DEWALT DCD996B 20V MAX XR Li-Ion 1/2 in. 3-Speed Hammer Drill/Driver with CASE!!,11200,Brand New,0,False,69
Electric Drill Power Tool Cordless Screwdriver Power Tools Drill Set W/ Battery,24993559,Brand New,0,True,False
"NEW In BOX Milwaukee FUEL 2904-20 18V 1/2"" Cordless Brushless Hammer Drill M18",13997,Brand New,0,True,708
CRAFTSMAN V20 Cordless 1/2-in Drill/Driver CMCD700  (TOOL ONLY) NEW,4699,Brand New,0,True,7
WORKPRO 8V Pink Cordless Drill Driver 43PCS Tool Set Lithium-ion Power Drill Bit,6399,Brand New,0,True,False
Milwaukee M12 FUEL Hammer Drill Driver 3404-20 + XC4.0 Battery 4.0 Ah NEW GEN 3,10198,Open Box,299,True,895
"Milwaukee 2407-20 M12 Drill Driver 12V Li-Ion Cordless 3/8"" - NEW",4097,Open Box,0,True,False
29 Pc Drill Bit Set HI-Molybdenum M7 Orange Case Drill Hog® Lifetime Warranty,5999,Brand New,0,True,559
New Listing,2299,Pre-Owned,0,False,False
"NEW BOSCH PS31 12 Volt 2 Speed Cordless Li-Ion 3/8"" Drill Driver (bare tool)",4299,Open Box,0,False,False
8 PCS HSS Cobalt Silver and Deming Drill Bits Set Large Size 9/16 inch to 1 inch,2999,Brand New,0,True,1714
Ryobi ONE+ 18V 1/2 in Drill Driver 2 Speed Two 1.5 Ah Batteries Charger PCL206K2,7495,Open Box,0,True,26
48IN1 Cordless Electric Screwdriver Drill Power Tool Kit w/ Rechargeable Battery,2698,Brand New,0,False,990
"BLACK+DECKER 20V MAX Matrix Cordless Drill/Driver Kit, White - BDCDMT120WC1FF",5999,Brand New,0,False,False
"Milwaukee M12 FUEL 1/2"" Hammer Drill 3404-20 + Impact Driver 3453-20 - Brand NEW",14498,Open Box,299,True,665
Milwaukee Fuel 2866-20 M18 Cordless Drywall Screwgun Drill Brushless 18 Volt,9999,Brand New,0,True,431
"Milwaukee M18 1/2"" Drill / Driver 2606-20  * BRAND NEW *",7499,Open Box,0,True,231
New Listing,4500,Pre-Owned,645,False,False
"New DCD740B DeWalt 20v Max Cordless 3/8"" Right Angle 90 Degree Drill Driver ",11063,Open Box,0,False,False
"Milwaukee 2903-20 M18 FUEL 1/2"" Drill/Driver",False,Brand New,0,False,39
"NEW Milwaukee M12 2407-20 3/8"" Cordless Drill Driver 12V 12 Volt 2 Speed",4297,Brand New,0,True,121
"Craftsman CMCD731B 20V 1/2"" Cordless Brushless Hammer Drill (Tool Only) New",5500,Brand New,800,False,19
DEWALT 12 Volt DCD706B 12V MAX Brushless 3/8-in Cordless Hammer Drill TOOL ONLY,6499,Open Box,0,False,False
Klein Tools Flex Bit Auger with Screw Point 3/4 x 54-Inch 3/4-in Flex Auger Bit,4799,Brand New,0,False,False
4 inch Diamond Hole Saw Concrete Heavy Duty Gold Series Standard 3/8 Shank,4999,Brand New,0,False,False
Black Oxide 1/8 drill bit (10 Pack),1297,Brand New,0,False,False
"Torx Insert Bit T-10 1"" (250 Pack)",8199,Brand New,0,False,False
10-16pc Diamond Hole Saw Drill Bits Set Glass Ceramic Tile Marble 1/4 to 2 Inch,15222444,Brand New,0,True,False
Hex 3/16 2-inch Powert Bit (10 Pack),1347,Brand New,0,False,False
New & Sealed | DEWALT Black & Gold Drill Bit Set - 14 Pieces,1699,Brand New,0,False,False
Milwaukee 2407-20 M12 3/8” Drill/Driver - TOOL ONLY - NEW,3599,Open Box,0,True,False
"Milwaukee 3601-22CT M18 18V 1/2"" Compact Brushless Drill/Driver Kit",19900,Brand New,0,True,42
"NEW DEWALT DCD794 20V MAX 1/2"" Atomic Compact 2-Speed Brushless Drill Driver",7495,Open Box,0,False,49
New Listing,12000,Open Box,0,True,False
20V Cordless Drill 3/8”Electric Screwdriver Mini Wireless Power Driver W/Battery,2990,Brand New,0,True,147
"Milwaukee 2494-22 M12 Cordless Combo Drill Kit, 2 Battery",False,Brand New,0,True,False
NEW Milwaukee FUEL Drill 2903-20 18V 1/2 Cordless Brushless M18 Driver Tool Only,14497,Brand New,0,True,704
3-1/2 inch Chrome Series Diamond Hole Saw Drill Bit,3594,Brand New,0,False,False
5pcs 10mm Shank SDS Plus Shank Drill Bit Holder Keychain for Rotary Hammer Drill,1599,Brand New,0,True,False
"Phillips PH2 1"" Power Bits (15 Pack)",1297,Brand New,0,False,False
Montana Modular Drill and Driver Set 10 Piece,3148,Brand New,0,False,127
Milwaukee 48-89-9209 Jam Free Step Drill Bit #9 7/8”-1 1/8”,1799,Brand New,0,False,107
Cordless Drill 12V Power Drill set with Battery & charger 2 Variable Speed 3/8”,2499,Brand New,0,False,False
Milwaukee Fuel 2866-20 Drywall Screwgun Drill M18 Brushless Cordless 18 Volt,9897,Brand New,0,True,938
"New Makita 18V XFD15ZB Cordless 1/2"" Battery Black Compact Drill Driver 18 Volt",8497,Brand New,0,True,50
Milwaukee M12 Hammer Drill Driver 3404-20 + 4.0Ah Battery Charger Kit NEW GEN 3,10998,Open Box,599,True,224
NEW Hart 20v drill driver HPDD01VN and Impact driver HPID01VN w bag - tool only,2999,Brand New,1399,False,39
VEVOR Auger Drill Bits for Planting Set of 2 Garden Auger Spiral Drill Bits,1899,Brand New,0,True,102
Drill Hog® Step Drill Bit Step Set Drill Bits UNIBIT Moly 5Pc Lifetime Warranty ,3799,Brand New,0,True,1084
"RYOBI ONE+ 18V 3/8"" Drill/Driver Kit PCL201K1 - 1.5Ah Battery & Charger (OB2)",4180,Open Box,0,True,False
Electric Cordless Drill 21V Adjustable Drill Driver Set 1 Battery Home DIY Gift,2799,Brand New,0,False,False
Ryobi ONE+ 18V Cordless 1/2 in. Drill/Driver Kit - Fast Drilling - Powerful,5999,Brand New,0,True,False
"Milwaukee 2607-20 M18 Li-Ion 18V 1/2"" Cordless Compact Hammer Drill/Driver",5800,Pre-Owned,0,True,46
"Torx Insert Bit T-20 1"" (15 Pack)",1247,Brand New,0,False,False
Hex 3/16 2-inch Powert Bit (100 Pack),4397,Brand New,0,False,False
"Makita Magnetic Bit Holder – Heavy-Duty 1/4"" Hex Shank Drill Bit Adapter",1600,Brand New,1100,False,False
"10-Pack 5/32"" Cobalt Drill Bit – M35 HSS – for Metal, Stainless, Wood",1897,Brand New,0,False,False
Milwaukee 48-89-4631 SHOCKWAVE Impact Duty RED HELIX Titanium Drill Bit Set-23PC,3699,Brand New,0,True,90
15 in 1 Power Tool Rechargeable Cordless Electric Screwdriver Drill Kit Wireless,1089,Brand New,0,False,False
Cordless Brushless 3/8 in. Drill Driver for Dewalt 20V Max Battery TOOL ONLY,2699,Brand New,0,True,45
Cordless Drill 20V Power Drill set with Battery & charger 2 Variable Speed Bag,2999,Brand New,0,False,False
"Drillforce 1/16""-1/2"" Cobalt Drill Bit Set HSS M35 Jobber Length Metal Drill Bit",6593299,Brand New,0,True,462
"New Milwaukee 2407-20 M12 12V Li-ion 3/8"" Drill/Driver - Bare Tool",3995,Open Box,0,False,17
Bosch 2608619267 Pack of 10 Straight Cutting Disc Standard 125mm,2299,Brand New,0,False,False
"Torx Insert Bit T-25 2"" (250 Pack)",8999,Brand New,0,False,False
Drill Hog® 29 Pc Left Hand Drill Set HI-Moly M7 Drill Bit Set Lifetime Warranty ,9215,Brand New,0,True,412
13 Pc Left Hand Drill Bit Set Reverse Drill Flutes HI-Molybdenum M7 Drill Hog®,2849,Brand New,0,True,786
New Makita XFD10Z 18V 18 Volt LXT 1/2” Drill Driver 2 Speed Li-Ion Tool Only,6499,Open Box,0,True,False
20V Cordless Drill Screwdriver For Dewalt Battery Driver Electric With 2 Battery,3559,Brand New,599,True,False
For DEWALT 20V Battery Cordless Hammer Drill/Impact Driver Power Tool Combo Kit,49998999,Brand New,0,True,False
"New Milwaukee M18 2607-20 Cordless 1/2"" Compact Hammer Drill Driver 18 Volt 18V",10497,Brand New,0,True,4552
New DEWALT DCD799 ATOMIC 20-Volt MAX Brushless 1/2” Hammer Drill,7349,Brand New,0,False,279
Milwaukee 2606-20 18V Lithium-Ion Cordless 1/2 in. Drill Driver Tool Only!,6200,Open Box,0,False,False
For DeWalt DCB203 20V Max XR Brushless 2-Speed Cordless 1/2 in Hammer Drill 20 V,3999,Brand New,0,True,False
"DeWalt DCD805B 1/2"" Hammer Drill - Tool Only - NEW",9207,Brand New,0,False,False
Ridgid R86115 Cordless Brushless Hammer Drill/Driver Bundle Battery,3999,Pre-Owned,1285,True,False
New Listing,13000,Brand New,0,False,False
BLACK+DECKER 20V MAX* Cordless Drill - BCD702C1,4999,Brand New,0,False,False
"NEW HART HPDD01 20volt 1/2"" Cordless 20V Drill Driver - BARE TOOL",1950,Brand New,0,True,False
Bosch Bare-Tool 18-Volt Lithium-Ion 1/2-Inch Compact Tough Drill - DDS181B,5499,Brand New,0,True,129
Cordless Brushless Impact Driver Hammer Drill Combo Kit with 2 Battery & Charger,32986298,Brand New,0,False,False
"Milwaukee 3403-22 M12 FUEL 1/2"" Drill/Driver Kit",14995,Brand New,0,True,False
"18"" Planting Auger Spiral Hole Drill Bit Garden Yard  Bulb Earth Planter Tool",899,Brand New,0,True,2766
"20V Electric Drill 3/8"" Power Cordless Screwdriver 21PCS Drill Set with Battery",2999,Brand New,0,True,1603
"Milwaukee 3403-22 M12 FUEL 1/2"" Drill/Driver Kit",False,Brand New,0,True,False
"Milwaukee M18 3602-20 1/2"" Compact Brushless Hammer Drill - 18V - Brand NEW",9788,Open Box,299,False,60
SHITU Cordless Drill Electric Screwdriver Power Drill Yellow Battery Powered,3959,Open Box,0,False,False
"Cobalt Drill Bits 1/16""-1/2"" M35 HSS Co Jobber Twist Drill Bit Drill Steel Metal",12997167,Brand New,0,True,False
New Listing,4900,Pre-Owned,0,False,False
DEWALT DCD777D1  20V   1/2 in  Drill Driver and 2.0 Ah Battery,7199,Open Box,999,False,False
25PCS HSS Twist Drill Bit Set Metal Drill Bit Cobalt Stainless Steel 1-13mm Dril,2069,Brand New,0,False,False
Tungsten 3mm-16mm Carbide Tip TCT Drill Bits Twist Drill Bit for Stainless Steel,19514779,Brand New,349,False,False
"29PCS Cobalt Drill Bit Set HSSCO M35 Twist 1/16""-1/2"" Multi-Bits 135 Split Point",5642,Brand New,0,True,487
Milwaukee M18 Compact Brushless 1/2 Inch Drill/driver (Bare Tool)-(Renewed),9999,Certified - Refurbished,0,True,False
Electric Drill Plate Cutter Sheet Metal Nibbler Precise Cutting Sheet Cutter US,1300,Brand New,0,True,376
New Listing,6600,Open Box,0,True,False
New Listing,2397,Pre-Owned,0,True,False
Milwaukee 2415-20 M12 12V 3/8' Right Angle Drill/Driver - Bare Tool,9900,Brand New,0,True,127
New Listing,7999,Brand New,0,False,False
10pcs Diamond Drilling Core Bits Beveling Porcelain Tile Marble Grinder Hole Saw,10990,Brand New,0,False,False
"10-Pack 1/4"" Cobalt Drill Bit – M35 HSS – for Metal, Stainless, Wood",1997,Brand New,0,False,False
"Vearter 1/2""~1-1/2"" Twist Drill Bit HSS Jobber Drill Bit  for Steel Wood",11983558,Brand New,0,False,False
"Torx Insert Bit T-25 1"" (15 Pack)",1247,Brand New,0,False,False
"Phillips PH2 1"" Power Bits (50 Pack)",3397,Brand New,0,False,False
"6.5"" inch Diamond Hole Saw 165mm Tile Drill Bit Masonry Tools for Stone Glass",4499,Brand New,0,False,False
Drill Hog® 29 Pc HI-Molybdenum M7 Drill Bit Set Metal Bits Lifetime Warranty,7599,Brand New,0,True,3055
New Listing,2397,Pre-Owned,0,True,False
Milwaukee 2415-20 M12 12V 3/8' Right Angle Drill/Driver - Bare Tool,9900,Brand New,0,True,127
New Listing,7999,Brand New,0,False,False
"DEWALT DCD794 20V MAX 1/2"" Atomic Shortest Brushless Drill Driver (Tool Only)",7500,Open Box,0,True,False
Ryobi P241 18V ONE+ 3/8 in. Right Angle Drill (Tool Only),6490,Certified - Refurbished,0,True,False
"Milwaukee M18  1/2"" Compact Brushless Hammer Drill  Model 3602-20   ** NEW **",9699,Open Box,0,True,False
#1 to #80 Jobber Drill Bits Wire Gauge Length Number Size Various USA Brands New,200,Brand New,500,False,False
Bosch 2608619267 Pack of 10 Straight Cutting Disc Standard 125mm,2299,Brand New,0,False,False
"Phillips PH3 1"" Power Bits (50 Pack)",3397,Brand New,0,False,False
"Torx Insert Bit T-25 2"" (100 Pack)",4397,Brand New,0,False,False
"XtremepowerUS 8-Pieces Jumbo Silver & Deming Drill Bit Set Index 9/16"" To 1""",5495,Brand New,0,True,False
NEW! DeWalt 60V Max FlexVolt  Mixer / Drill w/ E-Clutch System DCD130B,23799,Brand New,0,True,41
"Dewalt Handle For DCD996 & DCD985 Hammer Drill 1/2"" 20 Volt 20V",1297,Open Box,0,False,1486
"New Dewalt DCD780B 20 Volt 20V Max 1/2"" 2 Speed Drill Driver Li-ion Cordless",8749,Brand New,0,True,False
WORKPRO Pink/Grey Power Drill Set 8V Cordless Drill Driver Electric Screwdrivers,32393599,Brand New,0,True,False
"1/2"" to 10"" Carbide Tip TCT Hole Saw Cutter Drill Bit For Steel Metal Alloy",109916011,Brand New,0,False,False
"Ryobi P223 ONE + HP 18V Brushless 1"" SDS-Plus Rotary Hammer Tool Only",14990,Certified - Refurbished,0,True,False
DEWALT 14-Piece Assorted Jobber Length Black & Gold  Drill Bit Set And TOUGHCASE,1289,Brand New,0,False,46
36V Taladros Inalambricos Set Herramientas Con 2 Baterias Y Cargador De Impacto,4141,Brand New,0,True,72
DEWALT DCD999 20V Cordless Hammer Drill,9497,Brand New,1107,False,78
New Listing,2299,Pre-Owned,0,False,False
Drill Hog® 29 Pc Drill Bit Set Index HI-Molybdenum Super M7+ Lifetime Warranty ,5999,Brand New,0,True,2059
DeWalt DCD996P2 20V MAX XR Li-Ion Brushless 3 Speed Hammer Drill,21900,Brand New,1674,False,False
Black Oxide 5/32 drill bit (10 Pack),1297,Brand New,0,False,False
"5/16~ 1-1/8 X 18"" Long SDS PLUS Concrete Masonry Rotary Hammer Carbide Drill Bit",13583058,Brand New,0,False,False
15pc Hole Saw Set Diamond Drill Bit Ceramic Glass Tile Porcelain Marble 6Mm-50Mm,9492349,Brand New,0,True,False
Hex 5/32 1 inch Insert Bit (50 Pack),3297,Brand New,0,False,False
"For DEWALT 20V MAX Battery Cordless Brushless 1/2"" Hammer Drill Driver 2-Speed",4999,Brand New,0,True,False
Makita XSF03Z Brushless Impact Driver Hammer Drill Storage Hard Case Cordless,2160,Brand New,0,True,261
Makita XPH15ZB 18V Cordless Hammer Driver-Drill,7999,Brand New,0,False,False
Cordless Brushless Impact Driver Drill Combo Kit Screwdriver with 2 Battery,4499,Brand New,0,True,14
"DEWALT DCD708B ATOMIC 20V MAX Brushless Cordless 1/2"" Drill/Driver - Tool Only",8200,Brand New,0,True,False
"NEW Makita 18V XPH16 Cordless Brushless 1/2"" Hammer Drill 18 Volt LXT XPH16Z",11697,Brand New,0,True,59
"17-Piece Hole Saw Kit Set 3/4"" to 5"" Hex Key Mandrel Wood Plastic PVC Drywall",3399,Brand New,0,True,False
"ISATH 1/16""-1/2""HSS M35 Cobalt Twist Metal Drill Bit Set(100pcs wholesale price)",564925899,Brand New,0,False,False
BR2800U.2 Blue Ridge 20V Cordless Drill/Driver with 12 Bits,3999,Brand New,0,False,32
Milwaukee 2494-22 M12 12V Cordless Power Lithium-Ion 2-Tool Combo Kit,16900,Brand New,0,True,2206
"New IN BOX Makita XAD05Z 18V Brushless Cordless 1/2"" Right Angle Drill 18 Volt",22497,Brand New,0,True,False
Milwaukee M18 Compact Brushless 1/2 Inch Drill/driver (Bare Tool)-(Renewed),9999,Certified - Refurbished,0,True,False
Milwaukee 3/16 in. - 7/8 in. #4 Black Oxide Step Drill Bit / 12-Steps 48-89-9204,1575,Brand New,0,False,61
Milwaukee Tool 48-20-9058 10 Pc. Shockwave Impact Duty Carbide Hammer Drill Bit,3497,Brand New,0,True,140
Drill Hog® 40 Pc Tap & Die Set SAE Tap Rethreading Titanium Lifetime Warranty,13299,Brand New,0,True,392
20V Electric Drill Cordless Fast Screwdriver Set Power Tool w/ Battery & Charger,24993559,Brand New,0,True,False
"PP202 20V Replacement Battery – For Drill Kit, Cordless Vacuum & Detail Sander",2999,Brand New,0,False,False
"Makita XAD05Z 18V LXT® Lithium-Ion Brushless Cordless 1/2"" Right Angle Drill,...",20595,Brand New,0,True,False
"Cobalt Drill Bit Set 1/16""-1/2"" HSS Co5% M35 Jobber Twist Metalworking Drill Bit",8993799,Brand New,0,True,60
"99PCS Drill Bit Set 1/16""-3/8"" HSS Titanium Multi Drill Bits Twist Metal Tools",1495,Brand New,0,False,447
New DeWALT DCD1007 20V XR Plug 3-Speed 1/2” Hammer Drill/Driver & 6.0 Ah Battery,25900,Brand New,0,True,False
Ridgid 18V 1/2 in Subcompact Drill Driver Kit Brushless (2) 2 Ah Battery R87012K,8999,Open Box,0,True,False
Cordless Drill Set 27 Pc Accessories & Charger 48V Battery “ New” Open Box,2999,Open Box,2158,False,False
25Pcs Screw Extractor Set Hex Head Multi-Spline Easy Out Bolt Extractor Set NEW,2599,Brand New,0,False,155
NEW DEWALT DCD771 Cordless Drill Driver 20V - W/ OEM 2AH BATTERY NEW,7500,Open Box,0,True,False
"Milwaukee M18 FUEL 18V Cordless 1/2"" Drill Driver - Tool only (2803-20)",14500,Brand New,0,False,False
Cordless Brushless Impact Driver Hammer Drill Combo Kit with 2 Battery & Charger,3288,Brand New,0,True,False
"New Milwaukee FUEL M12 3404-20 1/2"" Hammer Drill Driver + 5.0 HO 5.0 Ah Battery",12498,Open Box,299,True,790
RYOBI ONE+ 18V Cordless 3/8 in. Drill/Driver Kit with 1.5 Ah Battery and Charger,4668,Brand New,0,False,False
9 Pc Spiral Screw Extractor Set Round Easy Outs Drill Hog® Lifetime Warranty,3999,Brand New,0,True,False
"New Bosch GSR18V-1800 18V 18 Volt Brushless 1/2""  Cordless HD Drill Driver",6429,Brand New,0,True,False
29 Pc Left Hand Drill Bits Left Handed Super M7+ Lifetime Warranty Drill Hog,9215,Brand New,0,True,336
NEW Milwaukee M12 FUEL Drill/Driver 3404-22  Kit & Shockwave Bit Set,16599,Open Box,0,True,False
Porter-Cable PCC620B 20V MAX Lithium-Ion Cordless Hammer Drill (Tool Only) New,7995,Brand New,0,True,False
New Listing,17499,Brand New,0,False,False
Milwaukee Impact Drill M18 Train Horn + Wireless Remote Control,26500,Brand New,0,False,267
"Ryobi One+ 18V 1/2"" Hammer Drill W/4.0 Ah Battery &Charger Bag P1813 Brushless",11999,Brand New,1095,False,False
New Listing,6490,Brand New,0,False,False
21V Electric Drill Power Tool Cordless Screwdriver Power Tools Set W/ Battery,3799,Brand New,0,False,False
7-LB. Drill Bit Lot Assortment Aircraft Drilling Miscellaneous FLAT RATE SHIP,1800,Pre-Owned,1065,True,171
BOSCH GSB18V-1330CN 18V 1/2 In. High Torque Hammer Drill (Profactor) New In Box,12495,Brand New,0,False,False
"Drillforce 1/16""-1/2"" Cobalt Drill Bit Set M35 HSS Jobber Length Twist Drill Bit",6555699,Brand New,0,True,37
"Torx Insert Bit T-20 1"" (100 Pack)",3997,Brand New,0,False,False
"Torx Insert Bit T-25 1"" (250 Pack)",8199,Brand New,0,False,False
"Torx Insert Bit T-25 1"" (250 Pack)",8199,Brand New,0,False,False
Vearter 15Pcs Tugsten Carbide Tipped Hole Saw Set 5/8'' - 3'' TCT Drill Bit Kit,9999,Brand New,0,False,False
4.5 inch Diamond Hole Saw 115mm Glass Ceramic Tile Drill Bits w Center Pilot Bit,1899,Brand New,0,True,21
"ISATH 1/16""-1/2""HSS M35 Cobalt Twist Metal Drill Bit Set(100pcs wholesale price)",564925899,Brand New,0,False,12
"Drillforce 1/16""-1/2"" Cobalt Drill Bit Set M35 HSS Jobber Length Twist Drill Bit",6555699,Brand New,0,True,37
"20V Cordless Brushless Drill Set,1/2 Inch Keyless Chuck Comes with Two Battery",39994529,Brand New,0,True,False
12V Max Brushed Powerful Cordless Impact Screwdriver Drill with Battery 1/4 in,3975,Brand New,0,True,145
"New PORTER CABLE PCC601 20V MAX 1/2"" Cordless Drill/Driver- Bare Tool",5475,Open Box,0,False,False
"10pcs 3/8"" Double Sided Rotary Spot Weld Cutter Remover Drill Bits set Cut Welds",1499,Brand New,0,True,156
"NEW Milwaukee M12 2407-20 Cordless 3/8"" Drill Driver 12V 12 Volt 2 Speed",4198,Open Box,299,True,130
PORTER-CABLE 20-volt Max 1/2-in Drill (1-Battery & Charger Included) PCC606LA,8999,Brand New,0,True,False
Ridgid 18V Cordless 1/2 in Drill Driver With 2 Ah Battery & Charger R86001K,7495,Open Box,0,True,10
"1/16""-1/2"" HSS M35 Cobalt Twist Jobber Length Metal Drill Bit(Split sale 1pc)",99430,Open Box,430,True,128
"12 Hole Saw Kit 8 Sizes 3/4"" to 2-1/2"" Drill Bits Hex Key Softwood Plywood PVC",2272,Brand New,0,True,False
Vearter 6Pcs Carbide Tip TCT Hole Saw Set Drill Bit Kit Cutter for Steel Metal,3969,Brand New,499,False,False
"Torx Insert Bit T-20 1"" (50 Pack)",3297,Brand New,0,False,False
New Listing,12000,Pre-Owned,3000,False,False
New Listing,11150,Open Box,0,False,False
"Drillforce 1/16""-1/2"" Black Gold Drill Bit Set HSS Jobber Length Twist Drill Bit",7314046,Brand New,0,True,False
Cordless Brushed Impact Driver Hammer Drill Combo Kit with 2 Battery & Charger,3562,Brand New,0,True,False
"Milwaukee 2906-20 M18 FUEL 18V 1/2"" Hammer Drill/Driver w/ ONE-KEY - Bare Tool",24900,Brand New,0,True,55
SKIL 2860B 18V Cordless 18-Volt 3/8-Inch Drill Driver 2860-10 TOOL ONLY NEW,1549,Brand New,0,False,361
"New Dewalt DCD998B 20V Max XR 1/2"" Brushless Hammer Drill W/ Power Detect (BT)",12489,Brand New,0,True,False
"New Makita 18V XFD06 Cordless 1/2"" Brushless Drill Driver 18 Volt LXT XFD06Z",8497,Brand New,0,True,False
New Listing,199,Brand New,0,False,False
"26PC 3/8"" Double Sided Spot Weld Cutter Remover Drill Bit Welder Cut Rotary Kit",2699,Brand New,0,True,332
WORKPRO 20V Cordless Drill/Driver Kit 3/8''2.0 Ah Li-ion Battery&1 Hour Charger,5799,Brand New,0,True,False
5PCS Ultimate Drill Bits Multifunctional Ceramic Glass Punching Hole Working Set,99,Brand New,0,False,115
"10-Pack 1/16"" Cobalt Drill Bit – M35 HSS – for Metal, Stainless, Wood",1697,Brand New,0,False,False
Deburring External Chamfer Tool Drill Bit Remove Burr Nut Repair Attachment,1479,Brand New,299,False,False
DEWALT DW5859 1-1/2 in. x 31 in. x 36 in. SDS MAX Masonry Drill Bit New,13286,Brand New,0,True,False
10PCS 5/8''-2'' Carbide Tip TCT Hole Saw Cutter Drill Bit Set for Steel Metal US,5649,Brand New,0,False,False
20V Electric Drill Cordless Electric Screwdriver Drill Set 37pcs with Battery US,3559,Brand New,599,True,838
"Milwaukee 5376-80 1/2"" Corded Hammer Drill w/ Side Handle- Reconditioned",9999,Certified - Refurbished,0,True,False
New Listing,4998,Pre-Owned,0,False,False
Milwaukee 2712-DE M18 Cordless HammerVac HEPA Filtered Dust Extractor,3000,Brand New,0,False,547
Milwaukee 48-89-9224 Step Drill Bit Set (6 PC),17599,Brand New,0,True,241
sale 150PCS Mini Micro Power High Speed Steel Drill Bit Set Twist Kits 0.4-3.2mm,2089,Brand New,0,True,False
5/8-11 Diamond Finger Milling Bits for Tile Stone Countertop 10mm 20mm 25mm .,15904590,Brand New,0,False,False
"Torx Insert Bit T-7 1"" (50 Pack)",3297,Brand New,0,False,False
Double Head Sheet Metal Cutter Nibbler Cutting Tool Saw Power Drill Attachment,1519,Brand New,0,True,184
Metabo HPT DS 18DDX 18V 1/2” Compact Cordless Driver Drill BARE TOOL & BAG ONLY,3977,Open Box,0,True,False
"Milwaukee 2408-20 M12 3/8"" Hammer Drill/Driver***Tool Only****",4499,Open Box,0,False,False
Milwaukee 2606-20 18V Lithium-Ion Cordless 1/2 in. Drill Driver (Tool Only),6195,Open Box,0,True,False
"NEW CRAFTSMAN 20V MAX 1/2"" COMPACT DRILL DRIVER CMCD700 / Dewalt 14PC. Bit Set",4999,Brand New,0,False,False
Drill Hog® 21 Pc Jr Drill Bit Set Index HI-Molybdenum M7 MOLY Lifetime Warranty,3799,Brand New,0,True,1737
"Ryobi One+ 18V 3/8 in Drill Driver, PCL201K1, With Battery.  New O.B.",4399,Open Box,0,False,False
Max-Craft HSS Aircraft Extension Extral Long Drill Bit Fully Ground Metal Drill ,15997899,Brand New,0,True,False
"Bosch 1/2"" Brushless Hammer Drill/Driver Kit 18V GSB18V-490B12 NEW in Sealed Box",8000,Brand New,1500,False,False
"Makita XPH14Z 18V LXT Li‑Ion Brushless 1/2"" Hammer Driver Drill (Tool Only) ",9500,Brand New,0,True,1932
Multi-function 21V Drill Driver Power Tool Cordless Screwdriver 2Battery 1Brush,3399,Brand New,0,False,False
"20V Cordless Brushless Drill Set 3/8""Power Drill Tool With Battery And Recharger",33393599,Brand New,0,True,False
"Drill Hog 1/4"" Cobalt Drill Bits M42 1/4"" Drill Bit 12 Pack Lifetime Warranty  ",2849,Brand New,0,True,1651
"NEW 29pc Metal Drill Index Empty Box-1/16"" to 1/2” X 64TH Jobber- Free Shipping",999,Brand New,0,False,1010
"21V Cordless Drill with 2-Battery and Charger, Electric drill Set, Power Dril...",7577,Brand New,0,True,False
Drill Hog® Square Easy Out Set Screw Extractor Straight Lifetime Warranty 7 Pc,3799,Brand New,0,True,1783
Ryobi P241 18V ONE+ 3/8 in. Right Angle Drill (Tool Only),6490,Certified - Refurbished,0,True,False
"21V Cordless Impact Wrench 1/2"" 680Nm High Torque Brushless Drill w/ 2 Batteries",6639,Brand New,0,False,243
Milwaukee Shockwave #4 Impact Duty Step Drill Bit 48-89-9244,2417,Brand New,0,False,False
New Listing,7999,Pre-Owned,0,False,False
PORTER CABLE 18 VOLT 1/2” CORDLESS DRILL / DRIVER MODEL PC1801D,2495,Pre-Owned,895,True,False
Greenworks 24V 1/2 in Hammer Drill 530 in-lbs w/ 2Ah Battery 2A  ID24L211,4499,Brand New,0,False,15
NEW IN PACKAGE Milwaukee (48-89-9212)   #12-Step Drill Bit 7/8 - 13/8 SHIPS FREE,2699,Brand New,0,False,False
New Listing,8499,Pre-Owned,0,False,False
New Listing,3810,Brand New,0,True,False
"Concrete Hole Saw Set 5Pcs Kit with 30,50,65mm Wall Hole SDS Cement Drill Bit",4799,Brand New,0,False,104
Drill Hog® Niobium Left Hand Drill Bit Set Screw Extractor Lifetime Warranty ,3799,Brand New,0,True,2291
Cordless  Impact Driver Hammer Drill Combo Kit with 2 Battery & Charger,3699,Brand New,0,True,False
New Listing,2099,Pre-Owned,0,False,False
Taladros Inalambricos Set Herramientas Con 2 Baterias Y Cargador De Impacto Kit,3666,Brand New,0,True,False
New Listing,2299,Pre-Owned,0,False,False
Amazon Brand Denali by SKIL 20V Cordless Rotary Hammer Kit 2.0Ah Lithium Battery,5175,Brand New,0,False,False
12PC Damaged Screw Extractor Set Easy Out Broken Drill Bit Remover Kit Speed Out,966,Brand New,0,False,False
New Listing,9999,Open Box,0,False,False
DeWalt Impact Drill Train Air Horn 20v + Remote Control: BossHorn USA,26500,Brand New,0,False,247
"Bosch GSR18V-755CB25-RT 18V Brute Tough 1/2"" Drill/Driver Certified Refurbished",17401,Certified - Refurbished,0,True,False
"Bosch GSB18V-535CB15-RT 18V EC 1/2"" Hammer Drill/Driver Certified Refurbished",13299,Certified - Refurbished,0,True,False
Vearter 6Pc 5/8''-2'' Carbide Tip TCT Hole Saw Set Drill Bit Kit for Steel Metal,3972,Brand New,499,False,False
Vearter 15Pcs Set 3/4''-2'' M42 Bi-Metal Hole Saw Kit With Arbor for Sheet Metal,5355,Brand New,499,False,False
Pink HighPower 20Volt drill 2 Speed Electric Cordless Drill/Driver with Bits Set,3999,Brand New,0,False,False
"Milwaukee FUEL 2904-20 1/2"" Hammer Drill, (1) 48-11-1850 5.0 Battery M18 18 Volt",17997,Brand New,0,True,False
"Milwaukee 2903-20 M18 FUEL™ 1/2"" Drill/Driver",15399,Brand New,0,True,False
59 Pcs Mini Micro Hand Twist Drill Bits Set Rotary Precision Pin Vise Tools Kit,1259,Brand New,0,True,446
6PCS Dry Diamond Drill Bits Set for Porcelain Ceramic Granite Marble Stone Glass,1198,Brand New,0,True,120
New Listing,11150,Open Box,0,False,False
44 Pc Left Hand Drill Bit Set Left Hand Drills Reverse Twist Moly M7 Drill Hog®,13299,Brand New,0,True,127
26 Pcs Mini Micro Drill Hand Bits Set Small Manual Keyless Chuck Pin Vise Rotary,959,Brand New,0,False,935
NEW BLACK + DECKER BDCI20C 20V MAX LITHIUM CORDLESS DRILL,5499,Brand New,0,False,False
BLACK+DECKER 8V MAX* Cordless Drill/Driver - BDCD8C,2499,Brand New,0,False,False
3Pcs Drill Bit Set Titanium Nitride Coated Steel Step Quick Change 1/4 Shank MM,739,Brand New,0,False,635
Bosch 18V 2.0 Ah 1/2 in. Hammer Drill Kit HDS181A-02 Certified Refurbished,12765,Certified - Refurbished,0,True,False
XtremepowerUS 22+1 Torque 20V Cordless Drill Brushless Driver 500 In-lbs Torque,6995,Brand New,0,True,False
"Makita XAD05Z 18V LXT Brushless Cordless 1/2"" Right Angle Drill, Tool Only",22399,Brand New,0,True,31
"20V 3/8"" Cordless Drill Driver Kit 18+1 Torque 220 in-lbs 141PCS Hand Tool Kits",10999,Brand New,0,False,False
Hitachi DH25DAL Kit 25.2V Lithium Ion 3.0Ah Battery SDS-Plus Rotary Hammer Drill,False,Brand New,0,True,False
Bosch PS21B 12V Max Two Speed Pocket Driver - New Bare Tool from combo kit ,4599,Open Box,0,False,337
Milwaukee 2615-20 M18 18V Right Angle Drill - Bare Tool,13500,Brand New,0,False,False
New Listing,11099,Pre-Owned,0,True,False
"Cordless Drill Set, 12.8V Lithium Lon Power Drill Cordless with Battery and C...",4717,Brand New,0,True,False
"Milwaukee 2606-20 M18 1/2"" Drill/Driver***Tool Only***",6159,Open Box,251,False,40
DeWalt DCD446B 20V Max XR Brushless Cordless Compact Stud Drill Tool Only,30930,Brand New,0,False,False
"Cleveland Twist 1/4"" Drill Bit Jobber Length High Speed Steel Drills 20 Pack",1999,Brand New,0,True,2185
Milwaukee ‎48-89-9201 Drill Bit - Black,1299,Brand New,0,False,False
21V Electric Drill Tool Cordless Screwdriver Drill Set 2 Battery for Makita us,3800,Brand New,0,True,False
"ACDelco G12 12V 3/8""Cordless Drill Driver,265 ft-lb, 2 Speed, 1350RPM, 1 battery",4499,Brand New,0,False,False
10pc COBALT LEFT HAND DRILL BIT AND SCREW EXTRACTOR SET EASY OUT BOLT #93188,2199,Brand New,0,True,1419
For Ryobi 18V Drill Train 4 Horn Quad Black Air Trumpets with Battery +Charger,16888,Brand New,0,True,False
20V Taladros Inalambricos Set Herramientas Con 2 Baterias Y Cargador,10168,Brand New,0,True,False
BLACK+DECKER 20V Max* Lithium Drill/Driver - BDCDD120C,4999,Brand New,0,False,False
Cordless Drill Battery 21V Combo Driver Electric Screwdriver Set,3395,Open Box,0,True,False
60x Pin Bench Vise Mini Micro Hand Twist Drill Bits Set Rotary Tools Craft Kit,11981498,Brand New,0,True,68
"Milwaukee M18 2606-20, 2606-22  Drill-Driver,Gear-Box & 3/8"" Chuck 14-29-2606",3888,Open Box,0,True,False
Drill Hog® 29 Pc Drill Bit Set Drills Index HI-Molybdenum M7 Lifetime Warranty ,7599,Brand New,0,True,4145
"Milwaukee M18 2607-20 Cordless 1/2 Hammer Drill, 2) 48-11-1850 Batteries 18 Volt",21497,Open Box,0,True,False
"HBN Cordless Drill Set, 21V Lithium Ion Power Drill with 1 Battery and Charger",3290,Brand New,0,False,156
XtremepowerUS 17 pc Jumbo Silver and deming Industrial Cobalt drill bit set 1/2,7295,Brand New,0,True,False
BLACK+DECKER 20V Max Lithium-Ion Cordless 3/8 inch Drill NO BATTERY  LDX120C,2497,Brand New,0,False,False
New Listing,9300,Open Box,0,False,False
17PC Drill Bits & Chisel SDS PLUS Rotary Hammer BIt Set Fits Bosch & Hilti Plus,2795,Brand New,0,True,87
MAC TOOLS 12V MAX Brushless 1/4 In Impact Driver  (Tool Only) New MCF601,6999,Brand New,0,False,False
"1/2"" ~ 10"" Carbide Tip TCT Hole Saw Cutter Drill Bit For Alloy Steel Metal ",111116177,Brand New,0,False,False
New Listing,14000,Open Box,0,False,False
6Pcs 1/4 Hex Shank Quick Release Magnetic Screwdriver Extension Holder Drill Bit,899,Brand New,0,False,False
"18"" Planting Auger Spiral Hole Drill Bit Garden Soil Yard Earth Bulb Hole Digger",925,Brand New,0,True,1550
"New For Dewalt DCB205 20 Volt 20V Max 1/2"" 2 Speed Drill Driver Li-ion Cordless",3990,Brand New,0,True,False
"Brand New Ryobi (PSBRA02B) 18v Brushless 3/8"" Right Angle Drill Tool Only",8000,Brand New,0,False,False
Auger Drill Bits for Planting - Garden Spiral Bit set bedding plants bulbs dig,2153,Brand New,0,False,False
New Listing,6490,Brand New,0,False,False
Makita XPH14Z 18 volt Cordless 1/2 Hammer Drill w Handle (bare) NEW FAST SHIP,9200,Open Box,0,True,90
"NEW Milwaukee 48-13-5003 Drill Bit COUNTERSINK Set OF 4, SEALED",1799,Brand New,0,False,False
"Milwaukee FUEL 2804-20 1/2"" Hammer Drill, 1) 48-11-1850 5.0 Battery, Charger M18",23297,Open Box,0,True,54
"18"" Planting Auger Spiral Hole Drill Bit For Garden Yard Earth Planter Digger",898,Brand New,0,True,552
"12-PCS Masonry Drill Bit Set & Concrete Drill Bit Set, 1/8 to 1/2 inch",1032,Brand New,100,True,False
Power Drill Cordless: DEKO PRO Cordless Drill 20V Electric Power Drill Set Tool ,5079,Brand New,0,True,False
RIDGID R8600521 18V Cordless Mini Drill/Driver,3200,Pre-Owned,0,False,False
"2SET High-Magnetic Screwdriver Drill Bit,Strong Magnetic Durability Drill Bit US",4991898,Brand New,0,False,False
3 Pc Step Drill Bit Set REAMER Step Bit Set UNIBIT Lifetime Warranty Drill Hog®,1899,Brand New,0,True,4366
ISATH 0.5mm-10mm HSSCO M35 Cobalt Twist Jobber Metal Drill Bit(Split sale 1pc),99340,Open Box,430,True,78
Cordless Brushless Impact Driver Hammer Drill Combo Kit with 2 Battery & Charger,3589,Brand New,0,True,False
"HERCULES 20V Brushless Cordless 1/2  Drill Kit, HCB91K1",7900,Brand New,0,False,False
New Listing,8200,Pre-Owned,1220,False,False
Makita Train Horn 18v Cordless Drill Impact Sports Boat Air Compressor Chrome,18800,Brand New,0,False,False
New Listing,2099,Pre-Owned,855,False,False
"New Makita 18V XPH14 Cordless Brushless 1/2"" -NO SIDE HANDLE-",6899,Open Box,1107,False,False
New Listing,3099,Brand New,0,False,False
5Pcs HSS Cobalt Hole Large Metal Step Drill Bit Set Titanium Cutter Cone 50 Size,1099,Brand New,0,True,False
12Pcs PH2 Impact Driver Bit Set Magnetic Phillips Screwdriver Drill Bits Tool,799,Brand New,0,False,79
21V Cordless Electric Drill Set 2 -Speed Electrilc Drill/Driver Tool w/ Bits Set,3310,Brand New,0,False,550
Cordless Drill Driver Kit 12.6V with 2 Batteries & Charger 34PCS,2495,Brand New,1073,False,False
New Listing,1400,Pre-Owned,1107,False,False
"Makita DDF487 18V Screwdriver 3/8"" Electric Drill with Variable Speed",4999,Brand New,0,False,False
"99Pcs HSS Drill Bit Set Titanium Jobber Twist Drill Kit Steel Metal 1/16""-3/8""",2926,Brand New,0,True,False
Drill Bit Set 29pcs High Speed Steel Carbide Drill Bit Set Twist Jobber Drill Bi,5592,Brand New,0,False,18
New Listing,9900,Parts Only,0,False,False
Porter Cable PCCK647C1 20V Max Lithium-Ion Brushless Impact Driver Kit & 1 Bat,9500,Brand New,0,True,129
12 PCS  Number 1 to #60 Jobber Drill Heavy Duty Split Point Black Finish U PICK,10651881,Brand New,0,True,False
60Pcs Pin Bench Vise Mini Micro Hand Twist Drill Bits Set for Rotary Tools Kit,1230,Brand New,0,False,64
"Ryobi ONE+ HP 18V Brushless 2-Tool Combo Kit with Drill, Bateries and Charger",11500,Brand New,0,False,False
"Drill Hog® 13 Pc HI-MOLY M7 Drill Bit Set 1/16-1/4"" Drills Lifetime Warranty",1899,Brand New,0,True,2204
4PCS Stainless Steel Drill Serrated Eccentric Four-edged New Upgraded Version,1190,Brand New,0,False,False
Hyper Tough 12V Max Lithium-Ion Cordless 3/8-inch Drill Driver with 1.5Ah Batter,2668,Brand New,0,False,25
For Ryobi 18V  Drill Train Air Horn Dual Black Air Trumpets Double Loud Trumpet,11878,Brand New,0,True,79
"20V Electric Drill 3/8"" Power Tool Cordless Screwdriver Drill Set with Battery",3199,Brand New,0,True,19
"KIMO 20V Cordless Drill Set with 2 Batteries and Charger,18pcs Accessories,Green",4667,Brand New,0,False,False
"Muylux 20V Power Drill,45Nm Torque,2-Speed,18+3Clutch,2.0AH Battery&Fast Charger",2999,Brand New,0,True,False
13Pcs HSS Titanium Coated Twist Drill Bit Set 1.5-6.5mm Hex Shank For wood Metal,599,Brand New,0,True,541
"15 HITACHI TITANIUM 1/2"" HIGH SPEED STEEL DRILL BITS METAL GOLD HSS",4199,Brand New,0,True,53
Tire Bit Multi Sizes Tire Repair Carbide Burr Drill Bit Carbon Steel Reamer Dril,3897,Brand New,0,True,False
5PCS EZARC 82° 5 Flute Countersink Drill Bit Set for Metal 1/4 In Hex Shank,2299,Brand New,0,True,223
New Listing,3564,Brand New,0,True,False
13pc Hex Shank Titanium Drill Bit Set MULTI BITS,795,Brand New,0,True,5685
"Tough 8V Max Cordless Drill NEW, 3/8 inch Chuck, Battery w/ Charger, LED, Bits",3999,Brand New,0,True,False
"NEW Warrior Cordless Drill Driver 18V -3/8"" Keyless -Bare tool, no battery 56122",799,Brand New,1085,False,15
Metabo HPT 12V DS10DFL2 Cordless Lithium-Ion Drill - Tool Only,2790,Open Box,0,True,223
Cordless Brushless Impact Driver Hammer Drill Combo Kit with 2 Battery & Charger,3198,Brand New,0,False,False
Center Drill Countersink Pilot Bit Lathe 5 Pc Set Lifetime Warranty Drill Hog®,1899,Brand New,0,True,4104
"Step Drill 1/4""-1-3/8"" Molybdenum M7 UniBit Reamer Lifetime Warranty Drill Hog® ",1899,Brand New,0,True,1899
"Drillforce 20PCS 1/8"" Cobalt Drill Bit Set HSS M35 Jobber Length Metal Drill Bit",1359,Brand New,0,True,2020
"1/2"" Wood Drill Bit, 12"" Long Bit (1 to 24 Bits) by X1 Tools",106114938,Brand New,0,True,False
DEKO 20V Cordless Power Drill Set – Lightweight Pink Electric Drill for Women,2999,Brand New,0,False,False
HSS Drill Bit Set Titanium Coated 230Pcs/99Pcs Round Shank Drill Metal Steel,29994999,Brand New,0,True,161
21V Cordless Electric Impact Wrench Drill Gun Ratchet Driver + 2 Battery Charger,3198,Brand New,0,True,False
Milwaukee 49-22-0175 8PC 6-Inch Versatile Universal Flat Boring Bit Set,2197,Brand New,0,True,380
"Makita XPH12Z 18V L-Ion Brushless Hammer Driver Drill,  Brand New w/o Box",7890,Brand New,1500,False,163
"Drill Hog® 1/8"" Drill Bit HI-Molybdenum M7 1/8 Bit HSS Lifetime Warranty 12 Pack",1424,Brand New,0,True,1369
36VF Cordless Drill Electric Screwdriver Max 38Nm Power Drill Driver + 2*Battery,3721,Brand New,0,True,False
Electric Drill Shears Plate Cutter Attachment Metal Sheet Cutter Nibbler Saw NEW,1199,Brand New,0,True,153
New Listing,6299,Brand New,0,False,False
Tegatok Drill Set 20v Cordless Drill Driver 2 w/ Battery 2.0ah，Fast Charger,3329,Brand New,0,True,False
"Bauer 1792C-B1 20V Cordless 1/2"" Hammer Drill Driver Tool Only Works Great",2499,Pre-Owned,0,False,False
"2SET High-Magnetic Screwdriver Drill Bit,Strong Magnetic Durability Drill Bit US",4991898,Brand New,0,False,False
WORX WX101L.9 20-Volt Lithium-Ion 3/8 in Drill Driver with Driver bit. TOOL ONLY,4597,Brand New,0,True,False
New Listing,9999,Open Box,0,False,False
"WORKPRO 8V Cordless Drill Driver Set 2.0Ah Electric Drill Kit 3/8"" Keyless Chuck",3799,Brand New,0,True,False
"New GYROS Mini Drill Bits, Wire Gauge Micro Bits-Multi Quantity Pack ",7291989,Brand New,0,False,False
"Drill Hog® 1/4"" Drill Bit 1/4 HI-Molybdenum M7 HSS Lifetime Warranty 12 Pack",2279,Brand New,0,True,3328
"High Performance Wet Core Bit for Hard/Reinforced Concrete, Rotary Mode Only",549936999,Brand New,0,False,False
"20V Cordless Drill/Driver with Battery and Charger, 3/8""Keyless Chuck, 2 Vari...",6147,Brand New,0,True,False
Titanium HSS drill set 1.5-6.5mm hex grip 13pcs wood metal use,522,Brand New,0,True,False
"99PCS Drill Bit Set 1/16""-3/8"" HSS Titanium Multi Drill Bits Twist Metal Tools",1395,Brand New,0,False,768
"DeWalt 18V Volt DC759 DC970 1/2"" Cordless DRILL DRIVER Bare Tool **NEW IN BOX!**",11799,Brand New,1478,False,57
New Listing,6395,Brand New,0,False,False
New Listing,4717,Brand New,0,True,False
"Milwaukee 2551-20 M12 FUEL™ SURGE™ 1/4"" Hex Hydraulic Driver (Bare Tool)",10299,Brand New,0,True,141
"High-Magnetic Screwdriver Drill Bit,Strong Magnetic Durability Drill Bit ",349999,Brand New,0,False,False
"12v Drill Driver Set,Cordless Drill with Battery and Charger,LED Tools Kit,25...",3573,Brand New,0,True,False
"1/4"" Pilot Drill Bit with Flat 3"" Overall Length 10 Pack",1099,Brand New,0,True,298
Ryobi Compact Size Power Scrubber Kit FVG51K,3500,Open Box,0,False,False
Drill Hog® 1/8 Cobalt Drill Bit M42 1/8 Drill Bit Twist 12Pk Lifetime Warranty  ,1899,Brand New,0,True,2303
Dewalt DCD796 13mm Brushless Impact Electric Drill Multifunctional Cordless Scre,5599,Brand New,0,False,False
New Listing,4236,Brand New,0,False,False
21 pcs HSS Mini Twist Micro-Drill Bits Set & Aluminum Hand Drill & Case,499,Brand New,299,True,358
"Hyper Tough AQ75034G 20V Max Li-Ion Cordless Drill  Works , No Charger",800,Pre-Owned,1000,False,False
21Volt drill 2 Speed Electric Cordless Drill/Driver with Bits Set &1/2 Batteries,36044233,Brand New,0,True,9
"NEW DeWalt DCD771 20V Compact 1/2"" Drill Driver MAX Cordless drill only",5999,Open Box,0,False,84
Taladro De Percusion Martillo Electrico Taladro De Impacto Con Manija Giratoria,6299,Brand New,0,False,False
"MAKITA 12V Volt FD02, FD02ZW Lithium Cordless 3/8"" Drill Driver ***NEW IN BOX***",10566,Brand New,1178,False,19
31PCS Precision Pin Vise Hobby Micro Drill Bits Mini Micro Hand Rotary Tools Set,1048,Brand New,0,True,433
Tungsten Carbide Metal Drill Bits for Super Hard CNC Lathe Steel Drilling Tools,69918338,Brand New,0,False,False
HSS 6PCS Titanium Step Drill Bit Set W Automatic High Speed Steels,1095,Brand New,0,False,935
New Listing,10000,Brand New,1729,False,False
"20V 3/8"" Driver Electric Cordless Compact Drill Impact Kit 30PCS Screw Set",17392099,Brand New,0,True,False
"20V 3/8"" Driver Electric Cordless Compact Drill Impact Kit 30PCS Screw Set",17392099,Brand New,0,True,False
"NEW Craftsman CMCD700 20V 20Volt Cordless 1/2"" drill driver - Tool Only",3999,Brand New,499,False,False
New Listing,8999,Pre-Owned,0,True,False
"Milwaukee 2902-22 M18 18V Cordless Brushless 1/2"" Hammer Drill/Driver Kit",False,Brand New,0,False,False
New Listing,6499,Pre-Owned,0,False,False
Tungsten Carbide Metal Drill Bits for Super Hard CNC Lathe Steel Drilling Tools,69918338,Brand New,0,False,False
New Listing,8999,Open Box,939,False,False
21V Cordless Hammer Drill Set Electric Impact Driver Screwdriver With 2 Battery,3629,Brand New,0,True,False
21pc Mini HSS Twist Micro-Drill Bits Set Index 61-80 w/Aluminum Hand Drill hobby,929,Brand New,0,False,1982
New Listing,6499,Pre-Owned,0,False,False
DeWalt Genuine OEM Chuck for DWD112 Corded Drill - 330075-47,2199,Brand New,0,True,False
"PP205 20V Lithium Charger – Fits PP202 Battery, Pink Drill, Vacuum & Sander Tool",1999,Brand New,0,False,False
59x Precision Mini Micro Hand Twist Drill Bits Pin Vise Set Rotary Tools DIY Kit,1198,Brand New,0,True,795
DEKO 20V Cordless Power Drill Set – Lightweight Pink Electric Drill for Women,2999,Brand New,0,False,False
Dewalt 18V Cordless Drill & Flashlight Set  Model DCD720 Dc825 Dw908,3999,Pre-Owned,967,False,False
Dewalt 20V Electric Charge Wireless Impact Drill Compact Driver DCF850N BareTool,8499,Brand New,0,False,False
59 Pcs Precision Pin Vise Tools Mini Micro Hand Twist Drill Bits Set Rotary Kit,1259,Brand New,0,False,476
"Milwaukee 48-20-6945 Plus-Lok SDS 18"" Extension - NEW - FREE SHIPPING",6400,Brand New,0,False,False
"Cordless Drill Driver Kit, 20V MAX ELECTRIC SCREWDRIVER Compact Drill 3 in 1 Set",24993559,Brand New,0,False,False
"Makita XPH12 18V Brushless Hammer Drill 1/2"" TOOL ONLY",8750,Open Box,0,False,False
60Pcs Mini Micro Hand Drill Bits Set Small Manual Keyless Chuck Pin Vise Rotary,1498,Brand New,0,True,1072
Metal Punching and Shearing Drill Tools Electric Drill Precision Cutting Machine,1459,Brand New,0,True,27
New Listing,13000,Open Box,0,False,False
"NEW IN BOX Milwaukee M18 2607-20 Cordless 1/2"" Compact Hammer Drill 18 Volt 18V",11497,Brand New,0,True,False
New Listing,7950,Pre-Owned,2480,False,False
26Pcs Precision Pin Vise Hobby Mini Micro Hand Twist Drill Bits Rotary Tool Set,665,Brand New,0,False,133
48V Cordless Hammer Impact Electric Drill Screwdriver with 2 Batteries Set,3589,Brand New,0,True,False
12V Taladro Atornillador Inalámbrico De 3/8 Pulgada Con Batería y Cargador Kit,3299,Brand New,0,False,False
"Cordless Drill, 2-Speed 65Nm Torque 3/8"" Keyless Drill/Driver For Dewalt Battery",2699,Brand New,0,True,False
DEWALT DCD780B 20V MAX 20-Volt Li-ion Compact Cordless Drill/Driver TOOL ONLY,6999,Open Box,0,False,False
New Listing,13999,Brand New,2060,False,False
Portable 21V Cordless Drill Set Electric Screwdriver 1.5 Ah Battery LED Light US,42694600,Brand New,0,True,False
New Listing,8499,Brand New,0,True,False
Norseman 29 pc HI-Molybdenum M7 Drill Bit Set Orange Case 1/16-1/2 USA SP-29PON,9997,Brand New,0,True,334
10 Carbide Tip TCT Hole Saw Cutter Drill Bit Set For Stainless Steel Metal Alloy,1917,Brand New,0,True,False
New Listing,3500,Pre-Owned,0,False,False
New Listing,3500,Pre-Owned,0,False,False
"SPIN Tools S6000 Swaging Drill Bit Set, 1/4"", 3/8"", 1/2"", 5/8"", 3/4"" & 7/8""",8399,Brand New,0,True,False
"12x HSS Countersink Drill Bit 1/4"" Hex Shank Woodworking Pilot Screw Hole Set",995,Brand New,0,False,1649
DEWALT Original DCD805 Brushless Impact Drill Cordless Electric Screwdriver Mult,6799,Brand New,0,False,False
13Pc Cobalt Drill Bit Set Twist Jobber Length for Hardened Metal Stainless Steel,1395,Brand New,0,True,1731
"DEWALT DC930 14.4V XRP 1/2"" Cordless Drill/Drive WORKS / Tested",3395,Pre-Owned,0,False,False
Drill Hog® Step Drill Bit 1/4-1-3/8 MultiBit Uni Molybdenum M7 Lifetime Warranty,1899,Brand New,0,True,4109
DeWalt DCD985 20v Max XR Lithium Ion Cordless Hammer Drill,5499,Pre-Owned,0,False,False
New Listing,6999,Pre-Owned,0,False,False
New Listing,6999,Pre-Owned,0,False,False
Milwaukee Tool 48-20-6940 12 In. Plus-Lok Sds-Plus Extension,9649,Brand New,0,True,91
"Ryobi ONE+ HP 18V 1/2 "" Hammer Drill Brushless Tool Only PBLHM101B Parts Only",4495,Parts Only,0,False,False
New Listing,3000,Pre-Owned,0,False,False
New Listing,3000,Pre-Owned,0,False,False
" 232-Piece 20V Cordless Lithium-ion Drill Driver and Home Tool Set, Household ",16586,Brand New,0,False,False
New Listing,25995,Brand New,1809,False,False
48 in 1 Power Tool Rechargeable Cordless Electric Screwdriver Drill Kit Wireless,1614,Brand New,0,False,157
Greenworks 24V 1/2 in Hammer Drill 530 in-lbs w/ 2Ah Battery 2A Charger 5Pcs Bit,5999,Brand New,0,True,88
40PCS Carbide Micro Drill Bits Set 0.1-2.0mm PCB Driiling Bit for CNC Engraving,1199,Brand New,0,False,199
Makita Wireless drills DTD172 Charging Drill Brushless Driver 18V Electric Screw,5289,Brand New,0,False,False
DEWALT DCD998B 20V MAX 1/2” 3 Speed Hammerdrill w/Power Detect - NEW - FREE SHIP,11700,Open Box,0,True,142
7pcs 1/2 5/32 1/4 1/8 3/8 3/16 5/16 HSS Countersink Center Drill Bits Set Tool,1198,Brand New,0,True,474
"Drillforce 1/16""-1/2""  Black Gold Drill Bits Set HSS Metal Woodworking Drill Bit",6393999,Brand New,0,True,False
Milwaukee 6 Inch Shockwave Impact Driver Bits & Nut Drivers All Sizes SHIPS NOW!,4996249,Brand New,433,False,51
"Amazon Brand-Denali by SKIL 20v Drill Driver Kit 2 Batteries, BONUS Self Socket",5995,Brand New,0,False,False
New Listing,3946,Brand New,0,False,False
HYCHIKA Brushless Drill Cordless Drill 20V Max 2.0 AH Battery 1H Fast Charger,2999,Brand New,0,True,False
For DEWALT DCB205 20V Brushless Cordless 1/2in. Hammer Drill/Driver - Tool Only,3729,Brand New,0,True,False
"Drill Hog USA 3/8"" Drill Bit 3/8 Molybdenum M7 Lifetime Warranty USA 6 Pack",2849,Brand New,0,True,1620
New Milwaukee Fuel 3403-20 M12 12V 12 Volt 1/2” 2 Speed  Drill Driver,11449,Brand New,0,True,False
"Milwaukee Shockwave Impact Driver Bits 3-1/2 Inch Length ALL SIZES 3.5""",2994699,Brand New,433,False,False
Black+Decker 12V MAX Cordless 3/8 in Drill Driver BDCDD12 with Battery & Charger,2899,Brand New,0,False,False
50Pcs Mini Carbide Micro Drill Bit Set 0.1-10mm For PCB CNC Print Circuit Board,1299,Brand New,0,False,92
Cordless Drill Driver Kit 12V with 26 Accessories & Tool Case,3240,Open Box,500,True,False
"Drill Hog USA 5/8"" Drill Bit 5/8"" Silver & Deming Bit M7 HSS Lifetime Warranty",1899,Brand New,0,True,2287
SKIL PWR CORE-Cordless Drill-NEW-12-volt 1/2-in Keyless With Battery & Charger,4490,Brand New,0,False,False
"10 PCS High-Magnetic Screwdriver Drill Bit,Strong Magnetic Durability Drill Bit",4991898,Brand New,0,False,False
"DeWalt DCD805 20V MAX XR Brushless 1/2"" Hammer Drill - Tool Only",8499,Pre-Owned,0,True,False
Wireless drills DTD172 Charging Drill Brushless Driver 18V Electric Screwdriver,5953,Brand New,0,False,False
8 Pc Double Cut Carbide Burr Set Tungsten Drill Hog® Lifetime Warranty,9215,Brand New,0,True,87
20V Cordless Drill Li-Ion 2 speed Electric battery&charger driver with bits set,3559,Brand New,599,True,546
3Pcs Drill Bit Set Titanium Nitride Coated Steel Step Quick Change 1/4 Shank HSS,659,Brand New,0,False,317
New Listing,5000,Pre-Owned,0,False,False
2025 Electric Drill Plate Cutter Sheet Metal Precise Cutting Sheet Cutter tool,1300,Brand New,0,True,44
New Listing,4179,Brand New,0,True,False
"Milwaukee Shockwave Impact Driver Bits 3-1/2 Inch Length ALL SIZES 3.5""",2994699,Brand New,433,False,False
Black Oxide DRILL Bit HSS Fractions Letters Wire Gauge Jobber Twist 1330 USA LST,1386532,Brand New,700,False,False
Makita 18v Quad Cordless Drill Impact Sports Boat Air Train Horn Compressor ,21900,Brand New,0,False,13
HSS Reduced Shank Twist Drill Bits High Speed Steel with Shank 13mm - 25mm,13091834,Brand New,0,False,71
"Craftsman CMCD731B 20V 1/2"" Cordless Brushless Hammer Drill TOOL ONLY",5999,Brand New,0,False,38
RIDGID 18V Bundle - Brushless Cordless 1/4  in. High Torque Hammer Drill R86115,7401,Pre-Owned,1107,False,False
"DongCheng Cordless Drill Driver 20V Max,1/2” Keyless Chuck Brushless Power Drill",3500,Open Box,800,False,False
36V Cordless Drill Set With 2 Batteries,2969,Brand New,0,False,False
"Drillforce 1/16""-1/2""  Black Gold Drill Bits Set HSS Metal Woodworking Drill Bit",6393999,Brand New,0,True,False
21V Cordless Hammer Drill Set Electric Impact Driver Screwdriver + 2 Battery US,3664,Brand New,0,True,False
Makita XFD13Z 18 volt Cordless 1/2  Drill Driver (bare) NEW,6700,Open Box,1060,True,88
"Hilti Hammer Drill 22-Volt NURON SF 6H ATC Lithium-Ion 1/2"" Cordless Brushless",18999,Brand New,2120,False,False
DEWALT DWA110SET 110 PC DRILL / DRIVER BIT SET W/ (4) CLEAR TOUGH CASES,2700,Brand New,1500,True,False
"Drill Bit Sharpener, Power Drill Bit Grinding Attachment, Old Drill Bit Grinder",1459,Brand New,0,False,False
Cordless Electric Drill Driver 21V Cordless Drill Set with Battery and Charger,4482,Brand New,0,True,False
6× Chamfer Countersink Deburring Drill Bit Set Crosshole Cutting Metal Tool Kit,769,Brand New,0,True,93
Hitachi 12v Impact And Drill Driver With Flashlight And 2 Lithium-ion Batteries ,7500,Brand New,1729,False,False
6X_High Magnetic Screwdriver Drill Bit Set Super Magnetic Position Anti-Slip Kit,1288,Brand New,122,False,False
Milwaukee 2101-22 M4 4V 1/4-Inch Hex Screwdriver w/ Batteries,17900,Brand New,0,True,227
New Listing,5431,Brand New,0,True,False
Cordless Impact Driver Hammer Drill Combo Kit with 2 Battery & Charger US,3571,Brand New,0,True,False
"Drill Hog USA 3/8"" Drill Bit 3/8 Molybdenum M7 Lifetime Warranty USA 6 Pack",2849,Brand New,0,True,1620
2-Speed Adjustments and 20+3 Position Drill Set 20V Cordless Brushless Drill Set,48005300,Brand New,0,True,False
Diamond Hole Maker Cutter Saw Drill Bit Set Glass Ceramic Tile Porcelain 10pcs,1049,Brand New,0,True,1202
"Drill Hog USA 3/16"" Cobalt Drill Bits M42 Drill Bit 12 Pack Lifetime Warranty  ",2279,Brand New,0,True,2746
Electric Drill Shears Plate Cutter Attachment Metal Sheet Cutter Nibbler Saw US,1085,Brand New,0,False,260
"iKaufen, Cordless Drill Set",2499,Open Box,0,True,False
Compact 20V Cordless Drill Set with 1 Hour Fast Charger and Storage Case,6397,Brand New,0,True,False
"Drill Hog® 1-1/2"" Drill Bit 1.5"" Silver & Deming Bit Jumbo M7 Lifetime Warranty",5699,Brand New,0,True,220
Drill Hog® 13 Left Hand Drill Bits Set Drills Screw Extractor Lifetime Warranty,3799,Brand New,0,True,1377
20Volt Drill Electric Cordless Drill / Driver Power Tool with Bits Set & Battery,3469,Brand New,0,True,False
"20V Electric Drill 3/8"" Power Cordless Drill Kit Screwdriver with Battery",3599,Brand New,0,True,False
New Listing,5500,Pre-Owned,0,False,False
New Listing,2719,Pre-Owned,0,False,False
WORX WX370.9 18V (20V MAX) Cordless Combi Hammer Drill - BODY ONLY,7153,Brand New,2968,False,154
For DeWalt DCB206 20V Max XR Brushless 2-Speed Cordless 1/2 in Hammer Drill 20 V,3990,Brand New,0,True,False
New Listing,7499,Pre-Owned,0,False,False
New Listing,7499,Pre-Owned,0,False,False
"SDS Plus Hammer Drill Bit Set 5/32"",3/16"",1/4""  Concrete Masonry Drill Bits",9992999,Brand New,0,True,False
New Listing,3200,Pre-Owned,0,False,False
New Listing,3200,Pre-Owned,0,False,False
New Listing,3200,Pre-Owned,0,False,False
"Craftsman 315.111790 Cordless 3/8-Drill Driver Case, OEM Charger, Battery",2500,Pre-Owned,1868,False,False
Makita Brushless Impact Driver DTD173 18V Lithium Cordless Electric Drill Power,6495,Brand New,0,False,False
"Makita XPH03Z 18V 1/2"" LXT Li-Ion Cordless Hammer Driver Drill - Bare Tool RECON",9999,Open Box,0,False,False
20V Electric Drill Cordless Fast Screwdriver Set Power Tool w/ Battery & Charger,24993559,Brand New,0,False,False
"13pc EASYPOWER LEFT HAND DRILL BIT SET HIGH SPEED STEEL HSS 1/16""-1/4"" #80988",1499,Brand New,0,True,False
Diablo 5 pc Multi-Material Carbide Tip Hammer Drill Bit Set 5pc DMAMM1190-S5,1595,Brand New,0,False,133
"New DeWalt DCD798D1 20V 1/2"" Brushless Hammer Drill/Driver Kit",10999,Brand New,0,True,False
DeWalt Genuine OEM Chuck for DCD805D2 Cordless Drill - N928691,1999,Brand New,0,True,False
"#78 10pc Mini HSS Wire Gauge Twist Drill Bit Metal Working Drilling 0.0165""",699,Brand New,0,True,170
"Bosch GSR18V-190 18V Volt 1/2"" 2 Speed High Torque Cordless DRILL / DRIVER New!",5399,Open Box,0,False,False
"Tegatok 12V Cordless Power Drill Set, 18+1 Torque, Variable Speed, w/ Battery",28803779,Brand New,0,False,False
"DEWALT 20V MAX CORDLESS 1/2"" DRILL ( BARE TOOL)  , MODEL # DCD771",1999,Pre-Owned,1499,False,False
"3 in 1 Cordless Drill Driver Kit, 21V MAX ELECTRIC SCREWDRIVER Compact Drill Set",4166,Brand New,0,True,False
"Norseman 175-VT Vortex Point Mechanic Length Drill Bits USA Made - 1/16"" - 1/2""",200023362,Brand New,0,False,False
"BLACK+DECKER 20V MAX* Drill & Home Tool Kit, 68 Piece - LDX120PK",9999,Brand New,0,False,False
Your Choice - Black Gold M2 HSS S&D DRILL BIT 1/2 Shank 3 Flats Fractional,14564188,Brand New,0,True,False
"DeWalt DCD471B 60V Stud & Joist Drill, Bare w/ FREE DCB609 20V/60V MAX Battery",45449,Brand New,0,False,False
"DeWALT DCD445B 20V FLEXVOLT 7/16"" Compact Stud and Joist Drill - Bare Tool",17999,Brand New,0,False,False
New Dewalt DCH133B 20V Max XR Brushless 1” SDS Plus D-Handle Rotary Hammer (NIB),16519,Brand New,0,True,False
"#79 10pc Mini HSS Wire Gauge Twist Drill Bit Metal Working Drilling 0.0145""",699,Brand New,0,True,117
GREENWORKS HAMMER DRILL KIT With BATTERY AND CHARGER. BRAND NEW.  Item 3706602,5000,Brand New,950,False,False
Cordless Electric Rotary Hammer Drill Kit Chipping Hammer Drill With 2 Batteries,6899,Brand New,0,True,False
"Snap-On CDR861HV 14.4 V 3/8"" Microlithium Cordless Drill",16500,Pre-Owned,1592,False,False
"Cordless Impact Wrench Cordless Drills 1/2"" 1000nm High Torque Brushless Nut Gun",2799,Brand New,0,True,False
157PC Pink Drill Set Hand Tool Set 20V Cordless Drill Driver Household Pink Tool,13099,Brand New,0,True,False
"2SET High-Magnetic Screwdriver Drill Bit,Strong Magnetic Durability Drill Bit US",4991898,Brand New,0,False,False
Milwaukee Brushless Cordless Electric Impact Drill Rechargable 18V Tool,8999,Brand New,0,False,False
Bosch MC500 5 Piece Multi Materials Carbide Hammer Drill Bit Set Germany,950,Brand New,0,True,54
DEWALT 649381-00 / 605600 Drill Driver Switch NEW,2200,Brand New,200,False,1295
New Listing,2899,Pre-Owned,0,False,False
New Listing,2899,Pre-Owned,0,False,False
New Listing,2899,Pre-Owned,0,False,False
"RIDGID 18V Cordless 1/2"" Drill Driver w/ 2.0aH Battery & Charger Model# R86001",5592,Pre-Owned,0,True,False
Milwaukee 2627-20 M18™ Cut Out Tool (Tool Only),10795,Brand New,0,True,290
New Listing,17999,Brand New,0,False,False
Ground Rod Driver，SDS Plus Ground Rod Driver，Ground Rod Driver for Hammer Drill,1299,Brand New,100,True,False
12V LightWeight 18+1 Torque Cordless Electric Drill Set With Battery And Charger,24992869,Brand New,0,True,False
Milwaukee Brushless Cordless Electric Impact Drill Rechargable 18V drill Tool,8999,Brand New,0,False,False
Drill Hog® 29 Pc TURBO TIP Premium Cobalt M42 Drill Bit Set Lifetime Warranty,15999,Brand New,0,True,105
"12-PCS Masonry Drill Bit Set & Concrete Drill Bit Set, 1/8 to 1/2 Inch Professio",1090,Brand New,0,True,136
4 Pc Spiral Easy Out EZ Set Screw Extractor Bolt Lifetime Warranty Drill Hog®,1424,Brand New,0,True,1068
50Pcs Mini Carbide Micro Drill Bit Set 0.1-10mm For PCB CNC Print Circuit Board,1299,Brand New,0,False,92
8V Pink Cordless Electric Power Drill Driver With Bits Set With Battery 57pc,5199,Brand New,0,False,False
21V drill 2 Speed Electric Cordless Drill / Driver with Bits Set / 1-2 Battery,8993810,Brand New,0,True,False
Spyder 19030 March-Blue 1/4in X Impact Driver Bit 30-Piece NEW,1499,Brand New,0,True,221
New Listing,399,Brand New,1440,False,False
DEWALT DCD805 20V Max XR Brushless Cordless 1/2 in. Hammer Drill(Tool Only,8900,Brand New,2120,False,False
12/24Pcs PH2 Impact Driver Bit Set Magnetic Phillips Screwdriver Drill Bits Tool,8591599,Brand New,0,False,False
"Drill Hog USA 3/4"" Drill Bit 3/4"" Silver & Deming Drill Bit M7 Lifetime Warranty",2279,Brand New,0,True,1614
Makita DF002GZB 40V XGT Rechargeable Brushless Driver Drill Tool Only,18171,Brand New,0,True,22
"New M12 Milwaukee FUEL 2551-20 1/4"" Brushless Surge Hydraulic Impact 12 Volt",10197,Brand New,0,True,117
"DeWalt DCD778 20V MAX Li-Ion Brushless 1/2"" Hammer Drill w/ 2x Batteries DCB201",11399,Open Box,0,False,False
"7/8"" LARGE SIZE SIZED STEEL METAL SILVER AND DEMING TOOL DRILL BIT SET DEMMING",895,Brand New,0,False,844
"TECCPO Cordless Drill Set, 29Pcs Power Drill Set, Drill with 310 In-lbs, 2-Speed",5599,Brand New,0,False,False
" 12V Max Lithium-Ion Cordless 3/8-inch Drill Driver with 1.5Ah Battery, 99303",2373,Brand New,0,False,False
"CRAFTSMAN CMCD732D2 V20 20V Cordless 1/2"" Hammer Drill Tool Only No Battery Char",4999,Brand New,2120,True,False
"Makita DDF487 18V Screwdriver 3/8"" Electric Drill with Variable Speed",4850,Brand New,0,False,False
"20V Cordless Drill Set with Battery and Charger, 2-Speed Electric Drill with ...",7577,Brand New,0,True,False
Makita XPH14Z 18 V Brushless Cordless Hammer Driver With Handle.,7200,Open Box,1561,False,121
"Drill Master 62868 Cordless Drill Driver 18v 3/8"" Bare Tool 68651 68652 62873",1695,Pre-Owned,0,False,8
New Listing,4995,Pre-Owned,1500,False,False
Dewalt DCF860 Cordless Compact Drill / Driver 20V Brushless Electric Drill Screw,15000,Brand New,0,False,False
New Listing,12600,Brand New,0,False,False
New Listing,500,Parts Only,653,False,False
"5PCS HSS Titanium Step Drill Bits Set, 50 Sizes High Speed for Metal with Case",1799,Brand New,0,False,31
DeWalt Genuine OEM Motor for DCD740B Cordless Drill - N071094SV,4045,Brand New,0,True,False
"Ryobi 1/2"" Drill 18Volt Drill Only P211 Tested",2495,Pre-Owned,0,True,False
Cordless 20V Power Drills Durable Power 2h Running with Battery ToolKit,2579,Brand New,0,True,False
21V Cordless Drill Set Driver Screwdriver Kit Combi Lithium Ion Battery+Charger,9974233,Brand New,0,True,False
New Listing,4569,Pre-Owned,2120,False,False
New Listing,2299,Brand New,699,False,False
Craftsman CORDLESS 13.2 Volt Drill/Driver BRAND NEW IN BOX 2 BATTERIES INCLUDED!,4950,Brand New,2000,False,False
ULTRA Steel 18V Cordless Drill W/ Charger Battery and Box,1800,Open Box,1180,False,False
New Listing,12998,Brand New,0,True,False
"Kobalt 1/2"" 24V Max Brushless Cordless Hammer Drill – Tool Only (KDD524B-03)",8573,Brand New,0,False,False
New Listing,19599,Brand New,0,False,False
25PCS HSS High Speed Steel Metric Twist Drill Bit Set with Case 1mm-13mm Dril US,2569,Brand New,0,True,20
HYCHIKA Electric Brushless Drill Cordless Drill Driver 20V Max 52Pcs Accessories,2999,Brand New,0,True,False
"1/4 In. X 4 SHOCKWAVE Carbide Hammer Drill Bit Concrete, Stone, Masonry",552,Brand New,0,False,15
New Listing,3664,Brand New,0,True,False
New Listing,28500,Brand New,0,False,False
New Listing,21899,Brand New,0,False,False
7x Magnetic Anti-Slip PH2 Impact Driver Phillips Screwdriver Drill Bit Tool Set,668,Brand New,0,True,32
MAX-CRAFT HSS Cobalt Double End Drill Bits M35 Stubby Drill Stainless Steel,11993999,Brand New,0,True,False
10pcs Diamond Hole Saw Drill Bit Set Maker Cutter Glass Ceramic Tile Porcelain,895,Brand New,0,False,76
"13 pcs Left Hand Drill Bit Set,SAE 1/16""-1/4"" Reverse Bolt Remover Drill Bit Set",1367,Brand New,0,True,348
HART Brushless 1/2-inch Cordless Drill/Driver ( Battery not Included ) Brand New,3970,Brand New,0,False,15
Mount for Milwaukee M12 FUEL Installation Drill Driver,2799,Brand New,945,False,False
HYCHIKA Cordless Drill Driver Kit 20V Max Drill Set ScrewDriver LED with Battery,3999,Brand New,0,True,False
"Makita XPH01Z 18V Cordless 1/2"" Hammer Driver Drill (Tool Only)",9300,Brand New,0,False,False
Double Head Sheet Nibbler Metal Cutter Power Drill Attachment Cutting Tool,2799,Brand New,0,True,321
New Listing,2299,Pre-Owned,1085,False,False
Electric Drill 3 Speed Cordless Drill / Driver Power Tool Drill Set With Battery,3488,Brand New,0,True,False
New Listing,15000,Brand New,0,False,False
21V Cordless Drill Driver Electric Screwdriver with 2 Li-Ion Batteries & Charger,39914762,Brand New,0,True,False
New Listing,6500,Open Box,1809,False,False
